year,breau,type,h_count,a_count,s_count
88,全區,全種類,30712,19133,11339
89,全區,全種類,34554,19514,11894
90,全區,全種類,43522,22419,13422
91,全區,全種類,44125,24663,11854
92,全區,全種類,43883,25186,10325
93,全區,全種類,46814,27649,10957
94,全區,全種類,56349,33256,14780
95,全區,全種類,49887,31604,16539
96,全區,全種類,40641,31433,21053
97,全區,全種類,35368,29610,21543
98,全區,全種類,30348,25756,20774
99,全區,全種類,27234,23808,19075
100,全區,全種類,23864,21025,17216
101,全區,全種類,21495,19057,15339
102,全區,全種類,20328,17790,15627
103,全區,全種類,20169,17953,15563
103,桃園分局,全種類,4803,3476,3064
103,大園分局,全種類,1020,941,916
103,大溪分局,全種類,1179,1180,1094
103,中壢分局,全種類,4747,3410,2622
103,楊梅分局,全種類,1135,966,797
103,平鎮分局,全種類,1635,1512,1518
103,龜山分局,全種類,1701,1310,1103
103,八德分局,全種類,1642,1185,730
103,龍潭分局,全種類,1162,1120,794
103,蘆竹分局,全種類,1145,1105,1041
103,其他,全種類,0,1748,1884
88,全區,普通竊盜,3341,1571,1480
89,全區,普通竊盜,5107,1310,1292
90,全區,普通竊盜,8844,2045,2033
91,全區,普通竊盜,9060,3226,2331
92,全區,普通竊盜,8183,2523,1935
93,全區,普通竊盜,8268,2231,1817
94,全區,普通竊盜,13541,3179,2263
95,全區,普通竊盜,12676,3227,2294
96,全區,普通竊盜,7373,3692,2608
97,全區,普通竊盜,5429,3208,2788
98,全區,普通竊盜,4298,2828,2342
99,全區,普通竊盜,4069,3077,2607
100,全區,普通竊盜,3756,2904,2319
101,全區,普通竊盜,4075,3327,2588
102,全區,普通竊盜,3400,2708,2655
103,全區,普通竊盜,3038,2515,2282
103,桃園分局,普通竊盜,807,639,577
103,大園分局,普通竊盜,142,113,111
103,大溪分局,普通竊盜,170,159,154
103,中壢分局,普通竊盜,513,352,274
103,楊梅分局,普通竊盜,260,223,255
103,平鎮分局,普通竊盜,226,230,263
103,龜山分局,普通竊盜,270,208,198
103,八德分局,普通竊盜,263,232,121
103,龍潭分局,普通竊盜,244,177,156
103,蘆竹分局,普通竊盜,143,141,136
103,其他,普通竊盜,0,41,37
88,全區,重大竊盜,83,50,57
89,全區,重大竊盜,70,34,23
90,全區,重大竊盜,64,29,47
91,全區,重大竊盜,52,17,29
92,全區,重大竊盜,35,17,39
93,全區,重大竊盜,18,14,26
94,全區,重大竊盜,27,10,29
95,全區,重大竊盜,37,21,39
96,全區,重大竊盜,31,17,29
97,全區,重大竊盜,18,18,60
98,全區,重大竊盜,15,12,27
99,全區,重大竊盜,6,4,8
100,全區,重大竊盜,12,7,13
101,全區,重大竊盜,13,8,22
102,全區,重大竊盜,4,4,7
103,全區,重大竊盜,4,4,6
103,桃園分局,重大竊盜,0,0,0
103,大園分局,重大竊盜,1,0,0
103,大溪分局,重大竊盜,2,2,5
103,中壢分局,重大竊盜,0,0,0
103,楊梅分局,重大竊盜,0,0,0
103,平鎮分局,重大竊盜,0,0,0
103,龜山分局,重大竊盜,1,2,1
103,八德分局,重大竊盜,0,0,0
103,龍潭分局,重大竊盜,0,0,0
103,蘆竹分局,重大竊盜,0,0,0
103,其他,重大竊盜,0,0,0
88,全區,汽車竊盜,5566,3341,482
89,全區,汽車竊盜,5872,3317,617
90,全區,汽車竊盜,6097,3753,558
91,全區,汽車竊盜,6766,4737,432
92,全區,汽車竊盜,7660,6302,400
93,全區,汽車竊盜,8109,6290,535
94,全區,汽車竊盜,8781,6864,600
95,全區,汽車竊盜,5829,4746,347
96,全區,汽車竊盜,4373,3386,231
97,全區,汽車竊盜,4050,3375,408
98,全區,汽車竊盜,2384,1869,353
99,全區,汽車竊盜,2031,1654,364
100,全區,汽車竊盜,1552,1212,279
101,全區,汽車竊盜,1355,1121,231
102,全區,汽車竊盜,1089,915,220
103,全區,汽車竊盜,1011,823,250
103,桃園分局,汽車竊盜,75,44,35
103,大園分局,汽車竊盜,71,71,18
103,大溪分局,汽車竊盜,73,64,14
103,中壢分局,汽車竊盜,164,92,23
103,楊梅分局,汽車竊盜,158,171,39
103,平鎮分局,汽車竊盜,78,62,47
103,龜山分局,汽車竊盜,149,105,20
103,八德分局,汽車竊盜,94,58,22
103,龍潭分局,汽車竊盜,116,123,12
103,蘆竹分局,汽車竊盜,33,17,6
103,其他,汽車竊盜,0,16,14
88,全區,機車竊盜,14913,8424,1335
89,全區,機車竊盜,14978,8168,1111
90,全區,機車竊盜,17348,8801,1063
91,全區,機車竊盜,17703,10196,943
92,全區,機車竊盜,16710,10004,926
93,全區,機車竊盜,17298,11659,785
94,全區,機車竊盜,15640,12616,844
95,全區,機車竊盜,12186,11249,783
96,全區,機車竊盜,8412,7597,496
97,全區,機車竊盜,7280,6477,485
98,全區,機車竊盜,5472,4887,474
99,全區,機車竊盜,5105,4457,416
100,全區,機車竊盜,4266,3839,317
101,全區,機車竊盜,3853,3623,321
102,全區,機車竊盜,3224,2864,329
103,全區,機車竊盜,3068,2707,288
103,桃園分局,機車竊盜,774,571,72
103,大園分局,機車竊盜,98,84,12
103,大溪分局,機車竊盜,87,114,16
103,中壢分局,機車竊盜,980,815,54
103,楊梅分局,機車竊盜,195,164,7
103,平鎮分局,機車竊盜,211,227,44
103,龜山分局,機車竊盜,270,217,30
103,八德分局,機車竊盜,247,178,11
103,龍潭分局,機車竊盜,113,226,8
103,蘆竹分局,機車竊盜,93,94,15
103,其他,機車竊盜,0,17,19
88,全區,贓物,78,72,82
89,全區,贓物,51,38,59
90,全區,贓物,61,54,63
91,全區,贓物,68,48,52
92,全區,贓物,43,26,27
93,全區,贓物,47,35,26
94,全區,贓物,66,32,31
95,全區,贓物,69,49,53
96,全區,贓物,66,50,50
97,全區,贓物,116,64,50
98,全區,贓物,134,124,124
99,全區,贓物,183,198,145
100,全區,贓物,342,353,196
101,全區,贓物,300,289,183
102,全區,贓物,147,142,147
103,全區,贓物,146,133,139
103,桃園分局,贓物,33,23,28
103,大園分局,贓物,9,11,28
103,大溪分局,贓物,8,9,11
103,中壢分局,贓物,26,22,6
103,楊梅分局,贓物,12,10,11
103,平鎮分局,贓物,10,5,7
103,龜山分局,贓物,11,16,15
103,八德分局,贓物,14,9,1
103,龍潭分局,贓物,13,13,15
103,蘆竹分局,贓物,10,15,17
103,其他,贓物,0,0,0
88,全區,賭博,520,521,1340
89,全區,賭博,265,264,734
90,全區,賭博,131,130,493
91,全區,賭博,179,177,436
92,全區,賭博,168,167,396
93,全區,賭博,120,117,214
94,全區,賭博,200,199,324
95,全區,賭博,405,401,629
96,全區,賭博,630,643,940
97,全區,賭博,523,530,786
98,全區,賭博,463,454,801
99,全區,賭博,421,404,695
100,全區,賭博,419,383,762
101,全區,賭博,281,254,464
102,全區,賭博,243,208,408
103,全區,賭博,270,243,492
103,桃園分局,賭博,55,51,116
103,大園分局,賭博,27,18,47
103,大溪分局,賭博,17,14,38
103,中壢分局,賭博,60,58,91
103,楊梅分局,賭博,4,0,0
103,平鎮分局,賭博,32,37,64
103,龜山分局,賭博,21,24,52
103,八德分局,賭博,28,22,40
103,龍潭分局,賭博,16,11,17
103,蘆竹分局,賭博,10,6,18
103,其他,賭博,0,2,9
88,全區,重傷害,0,0,0
89,全區,重傷害,6,5,6
90,全區,重傷害,1,1,1
91,全區,重傷害,5,5,6
92,全區,重傷害,5,4,4
93,全區,重傷害,2,1,2
94,全區,重傷害,2,1,0
95,全區,重傷害,1,1,1
96,全區,重傷害,7,7,9
97,全區,重傷害,0,0,0
98,全區,重傷害,2,1,1
99,全區,重傷害,1,1,2
100,全區,重傷害,5,5,5
101,全區,重傷害,4,3,13
102,全區,重傷害,1,1,2
103,全區,重傷害,1,1,2
103,桃園分局,重傷害,0,0,0
103,大園分局,重傷害,0,0,0
103,大溪分局,重傷害,0,0,0
103,中壢分局,重傷害,0,0,0
103,楊梅分局,重傷害,0,0,0
103,平鎮分局,重傷害,1,1,2
103,龜山分局,重傷害,0,0,0
103,八德分局,重傷害,0,0,0
103,龍潭分局,重傷害,0,0,0
103,蘆竹分局,重傷害,0,0,0
103,其他,重傷害,0,0,0
88,全區,一般傷害,0,0,0
89,全區,一般傷害,223,175,226
90,全區,一般傷害,471,321,417
91,全區,一般傷害,371,233,315
92,全區,一般傷害,254,139,188
93,全區,一般傷害,202,99,134
94,全區,一般傷害,412,204,255
95,全區,一般傷害,504,226,277
96,全區,一般傷害,446,338,417
97,全區,一般傷害,167,138,180
98,全區,一般傷害,143,96,118
99,全區,一般傷害,113,91,139
100,全區,一般傷害,113,99,111
101,全區,一般傷害,150,140,247
102,全區,一般傷害,84,73,97
103,全區,一般傷害,105,90,124
103,桃園分局,一般傷害,3,1,1
103,大園分局,一般傷害,3,4,15
103,大溪分局,一般傷害,2,1,1
103,中壢分局,一般傷害,6,4,4
103,楊梅分局,一般傷害,9,5,19
103,平鎮分局,一般傷害,2,1,1
103,龜山分局,一般傷害,9,4,5
103,八德分局,一般傷害,30,26,25
103,龍潭分局,一般傷害,4,2,2
103,蘆竹分局,一般傷害,37,37,41
103,其他,一般傷害,0,5,10
88,全區,詐欺,362,133,109
89,全區,詐欺,743,191,173
90,全區,詐欺,1482,111,128
91,全區,詐欺,2212,124,141
92,全區,詐欺,2924,168,135
93,全區,詐欺,3368,648,497
94,全區,詐欺,4145,1401,938
95,全區,詐欺,3895,1771,1286
96,全區,詐欺,2926,2197,1586
97,全區,詐欺,2630,2649,2530
98,全區,詐欺,2843,2673,2471
99,全區,詐欺,1974,1872,1624
100,全區,詐欺,1259,1217,1196
101,全區,詐欺,928,840,967
102,全區,詐欺,861,593,637
103,全區,詐欺,821,697,666
103,桃園分局,詐欺,231,206,135
103,大園分局,詐欺,33,35,71
103,大溪分局,詐欺,44,38,49
103,中壢分局,詐欺,165,83,75
103,楊梅分局,詐欺,16,15,15
103,平鎮分局,詐欺,95,97,136
103,龜山分局,詐欺,69,59,64
103,八德分局,詐欺,105,95,18
103,龍潭分局,詐欺,32,21,16
103,蘆竹分局,詐欺,31,27,28
103,其他,詐欺,0,21,59
88,全區,背信,0,0,0
89,全區,背信,0,0,0
90,全區,背信,0,0,0
91,全區,背信,0,0,0
92,全區,背信,0,0,0
93,全區,背信,0,0,0
94,全區,背信,3,2,2
95,全區,背信,5,0,0
96,全區,背信,20,0,0
97,全區,背信,4,1,0
98,全區,背信,11,4,5
99,全區,背信,10,3,3
100,全區,背信,5,3,2
101,全區,背信,8,0,0
102,全區,背信,6,1,1
103,全區,背信,7,5,8
103,桃園分局,背信,2,0,0
103,大園分局,背信,0,1,2
103,大溪分局,背信,0,0,0
103,中壢分局,背信,1,1,0
103,楊梅分局,背信,0,1,2
103,平鎮分局,背信,0,0,0
103,龜山分局,背信,2,0,0
103,八德分局,背信,1,1,2
103,龍潭分局,背信,0,0,0
103,蘆竹分局,背信,1,1,2
103,其他,背信,0,0,0
88,全區,妨害自由,61,49,62
89,全區,妨害自由,98,74,98
90,全區,妨害自由,128,85,119
91,全區,妨害自由,114,66,85
92,全區,妨害自由,103,48,68
93,全區,妨害自由,90,49,73
94,全區,妨害自由,160,82,130
95,全區,妨害自由,176,95,179
96,全區,妨害自由,184,142,209
97,全區,妨害自由,90,88,115
98,全區,妨害自由,117,79,103
99,全區,妨害自由,123,89,112
100,全區,妨害自由,140,113,123
101,全區,妨害自由,128,110,125
102,全區,妨害自由,106,98,113
103,全區,妨害自由,108,98,105
103,桃園分局,妨害自由,4,0,0
103,大園分局,妨害自由,3,3,4
103,大溪分局,妨害自由,4,4,13
103,中壢分局,妨害自由,10,5,7
103,楊梅分局,妨害自由,8,9,10
103,平鎮分局,妨害自由,1,1,1
103,龜山分局,妨害自由,5,3,3
103,八德分局,妨害自由,43,42,29
103,龍潭分局,妨害自由,7,2,3
103,蘆竹分局,妨害自由,23,23,23
103,其他,妨害自由,0,6,12
88,全區,故意殺人,84,76,107
89,全區,故意殺人,92,86,133
90,全區,故意殺人,100,88,143
91,全區,故意殺人,137,122,223
92,全區,故意殺人,103,98,169
93,全區,故意殺人,63,59,94
94,全區,故意殺人,96,89,140
95,全區,故意殺人,80,79,173
96,全區,故意殺人,67,66,114
97,全區,故意殺人,75,75,115
98,全區,故意殺人,75,79,157
99,全區,故意殺人,65,64,104
100,全區,故意殺人,51,52,108
101,全區,故意殺人,50,50,73
102,全區,故意殺人,55,52,92
103,全區,故意殺人,38,36,58
103,桃園分局,故意殺人,12,10,16
103,大園分局,故意殺人,0,0,0
103,大溪分局,故意殺人,1,1,1
103,中壢分局,故意殺人,10,10,13
103,楊梅分局,故意殺人,3,3,4
103,平鎮分局,故意殺人,4,4,13
103,龜山分局,故意殺人,2,2,1
103,八德分局,故意殺人,4,3,2
103,龍潭分局,故意殺人,1,1,3
103,蘆竹分局,故意殺人,1,1,1
103,其他,故意殺人,0,1,4
88,全區,過失殺人,0,0,0
89,全區,過失殺人,1,1,1
90,全區,過失殺人,2,2,2
91,全區,過失殺人,3,3,3
92,全區,過失殺人,1,1,1
93,全區,過失殺人,3,3,2
94,全區,過失殺人,3,3,3
95,全區,過失殺人,6,6,5
96,全區,過失殺人,6,6,6
97,全區,過失殺人,5,5,5
98,全區,過失殺人,1,1,3
99,全區,過失殺人,0,0,0
100,全區,過失殺人,0,0,0
101,全區,過失殺人,0,0,0
102,全區,過失殺人,0,0,0
103,全區,過失殺人,0,0,0
103,桃園分局,過失殺人,0,0,0
103,大園分局,過失殺人,0,0,0
103,大溪分局,過失殺人,0,0,0
103,中壢分局,過失殺人,0,0,0
103,楊梅分局,過失殺人,0,0,0
103,平鎮分局,過失殺人,0,0,0
103,龜山分局,過失殺人,0,0,0
103,八德分局,過失殺人,0,0,0
103,龍潭分局,過失殺人,0,0,0
103,蘆竹分局,過失殺人,0,0,0
103,其他,過失殺人,0,0,0
88,全區,駕駛過失,23,23,23
89,全區,駕駛過失,34,33,38
90,全區,駕駛過失,61,61,62
91,全區,駕駛過失,10,9,10
92,全區,駕駛過失,28,26,25
93,全區,駕駛過失,13,11,10
94,全區,駕駛過失,48,45,47
95,全區,駕駛過失,148,146,145
96,全區,駕駛過失,218,216,217
97,全區,駕駛過失,68,67,68
98,全區,駕駛過失,53,51,50
99,全區,駕駛過失,38,36,37
100,全區,駕駛過失,90,89,87
101,全區,駕駛過失,71,69,69
102,全區,駕駛過失,45,43,47
103,全區,駕駛過失,65,63,66
103,桃園分局,駕駛過失,0,0,0
103,大園分局,駕駛過失,2,2,2
103,大溪分局,駕駛過失,0,0,0
103,中壢分局,駕駛過失,9,8,9
103,楊梅分局,駕駛過失,5,5,6
103,平鎮分局,駕駛過失,0,0,0
103,龜山分局,駕駛過失,6,6,6
103,八德分局,駕駛過失,9,8,8
103,龍潭分局,駕駛過失,1,1,1
103,蘆竹分局,駕駛過失,33,33,34
103,其他,駕駛過失,0,0,0
88,全區,妨害婚姻及家庭,73,73,130
89,全區,妨害婚姻及家庭,51,50,85
90,全區,妨害婚姻及家庭,57,54,95
91,全區,妨害婚姻及家庭,38,33,53
92,全區,妨害婚姻及家庭,28,26,44
93,全區,妨害婚姻及家庭,15,11,18
94,全區,妨害婚姻及家庭,27,25,34
95,全區,妨害婚姻及家庭,28,23,32
96,全區,妨害婚姻及家庭,43,37,61
97,全區,妨害婚姻及家庭,28,23,37
98,全區,妨害婚姻及家庭,27,23,41
99,全區,妨害婚姻及家庭,23,17,24
100,全區,妨害婚姻及家庭,13,7,8
101,全區,妨害婚姻及家庭,19,8,6
102,全區,妨害婚姻及家庭,11,10,13
103,全區,妨害婚姻及家庭,21,17,20
103,桃園分局,妨害婚姻及家庭,4,0,0
103,大園分局,妨害婚姻及家庭,3,2,2
103,大溪分局,妨害婚姻及家庭,2,1,1
103,中壢分局,妨害婚姻及家庭,1,0,0
103,楊梅分局,妨害婚姻及家庭,1,3,3
103,平鎮分局,妨害婚姻及家庭,0,0,0
103,龜山分局,妨害婚姻及家庭,3,3,4
103,八德分局,妨害婚姻及家庭,3,4,3
103,龍潭分局,妨害婚姻及家庭,1,1,2
103,蘆竹分局,妨害婚姻及家庭,3,3,5
103,其他,妨害婚姻及家庭,0,0,0
88,全區,妨害風化,159,144,199
89,全區,妨害風化,205,183,267
90,全區,妨害風化,320,303,397
91,全區,妨害風化,283,263,342
92,全區,妨害風化,259,232,260
93,全區,妨害風化,172,116,157
94,全區,妨害風化,191,117,183
95,全區,妨害風化,220,132,205
96,全區,妨害風化,407,296,363
97,全區,妨害風化,754,397,506
98,全區,妨害風化,479,294,464
99,全區,妨害風化,334,283,394
100,全區,妨害風化,274,229,340
101,全區,妨害風化,201,176,268
102,全區,妨害風化,169,152,236
103,全區,妨害風化,144,129,161
103,桃園分局,妨害風化,64,61,84
103,大園分局,妨害風化,2,3,3
103,大溪分局,妨害風化,0,2,2
103,中壢分局,妨害風化,27,21,22
103,楊梅分局,妨害風化,2,1,1
103,平鎮分局,妨害風化,26,23,27
103,龜山分局,妨害風化,11,6,9
103,八德分局,妨害風化,8,6,6
103,龍潭分局,妨害風化,1,1,1
103,蘆竹分局,妨害風化,3,4,5
103,其他,妨害風化,0,1,1
88,全區,一般強制性交,127,104,97
89,全區,一般強制性交,91,71,64
90,全區,一般強制性交,125,109,100
91,全區,一般強制性交,137,104,97
92,全區,一般強制性交,154,138,133
93,全區,一般強制性交,132,108,94
94,全區,一般強制性交,128,110,94
95,全區,一般強制性交,191,178,160
96,全區,一般強制性交,223,216,205
97,全區,一般強制性交,224,233,220
98,全區,一般強制性交,197,189,176
99,全區,一般強制性交,171,171,170
100,全區,一般強制性交,92,93,79
101,全區,一般強制性交,54,44,42
102,全區,一般強制性交,26,23,24
103,全區,一般強制性交,27,27,27
103,桃園分局,一般強制性交,0,0,0
103,大園分局,一般強制性交,1,1,1
103,大溪分局,一般強制性交,1,1,1
103,中壢分局,一般強制性交,10,10,9
103,楊梅分局,一般強制性交,0,0,0
103,平鎮分局,一般強制性交,3,3,3
103,龜山分局,一般強制性交,9,9,10
103,八德分局,一般強制性交,1,1,1
103,龍潭分局,一般強制性交,1,1,1
103,蘆竹分局,一般強制性交,1,1,1
103,其他,一般強制性交,0,0,0
88,全區,共同強制性交,4,4,9
89,全區,共同強制性交,2,2,6
90,全區,共同強制性交,3,4,9
91,全區,共同強制性交,6,6,10
92,全區,共同強制性交,5,5,14
93,全區,共同強制性交,5,5,12
94,全區,共同強制性交,11,10,20
95,全區,共同強制性交,7,4,12
96,全區,共同強制性交,16,16,38
97,全區,共同強制性交,7,8,18
98,全區,共同強制性交,7,7,21
99,全區,共同強制性交,7,6,12
100,全區,共同強制性交,3,4,13
101,全區,共同強制性交,4,4,18
102,全區,共同強制性交,1,1,2
103,全區,共同強制性交,1,1,2
103,桃園分局,共同強制性交,0,0,0
103,大園分局,共同強制性交,0,0,0
103,大溪分局,共同強制性交,0,0,0
103,中壢分局,共同強制性交,0,0,0
103,楊梅分局,共同強制性交,0,0,0
103,平鎮分局,共同強制性交,1,1,2
103,龜山分局,共同強制性交,0,0,0
103,八德分局,共同強制性交,0,0,0
103,龍潭分局,共同強制性交,0,0,0
103,蘆竹分局,共同強制性交,0,0,0
103,其他,共同強制性交,0,0,0
88,全區,對幼性交,0,0,0
89,全區,對幼性交,28,26,25
90,全區,對幼性交,32,21,22
91,全區,對幼性交,28,22,21
92,全區,對幼性交,55,50,48
93,全區,對幼性交,32,34,30
94,全區,對幼性交,26,21,17
95,全區,對幼性交,30,26,25
96,全區,對幼性交,37,34,35
97,全區,對幼性交,43,38,36
98,全區,對幼性交,46,42,41
99,全區,對幼性交,48,50,51
100,全區,對幼性交,42,38,41
101,全區,對幼性交,12,10,10
102,全區,對幼性交,18,15,15
103,全區,對幼性交,9,9,10
103,桃園分局,對幼性交,1,0,0
103,大園分局,對幼性交,1,1,1
103,大溪分局,對幼性交,1,1,1
103,中壢分局,對幼性交,1,0,0
103,楊梅分局,對幼性交,1,1,1
103,平鎮分局,對幼性交,1,0,0
103,龜山分局,對幼性交,1,1,2
103,八德分局,對幼性交,1,0,0
103,龍潭分局,對幼性交,1,0,0
103,蘆竹分局,對幼性交,0,0,0
103,其他,對幼性交,0,5,5
88,全區,性交猥褻,0,0,0
89,全區,性交猥褻,37,31,33
90,全區,性交猥褻,77,61,61
91,全區,性交猥褻,52,36,35
92,全區,性交猥褻,67,41,32
93,全區,性交猥褻,35,26,26
94,全區,性交猥褻,38,32,30
95,全區,性交猥褻,62,35,33
96,全區,性交猥褻,62,45,41
97,全區,性交猥褻,60,49,51
98,全區,性交猥褻,77,72,76
99,全區,性交猥褻,80,73,72
100,全區,性交猥褻,135,124,123
101,全區,性交猥褻,174,150,157
102,全區,性交猥褻,111,103,98
103,全區,性交猥褻,101,98,85
103,桃園分局,性交猥褻,20,5,5
103,大園分局,性交猥褻,4,3,3
103,大溪分局,性交猥褻,6,3,3
103,中壢分局,性交猥褻,12,0,0
103,楊梅分局,性交猥褻,6,2,3
103,平鎮分局,性交猥褻,8,2,2
103,龜山分局,性交猥褻,17,3,3
103,八德分局,性交猥褻,18,10,5
103,龍潭分局,性交猥褻,2,0,0
103,蘆竹分局,性交猥褻,8,0,0
103,其他,性交猥褻,0,70,61
88,全區,重大恐嚇取財,0,0,0
89,全區,重大恐嚇取財,5,3,3
90,全區,重大恐嚇取財,5,3,3
91,全區,重大恐嚇取財,1,2,9
92,全區,重大恐嚇取財,7,5,0
93,全區,重大恐嚇取財,1,0,0
94,全區,重大恐嚇取財,6,0,0
95,全區,重大恐嚇取財,4,2,0
96,全區,重大恐嚇取財,3,1,1
97,全區,重大恐嚇取財,0,0,0
98,全區,重大恐嚇取財,0,0,0
99,全區,重大恐嚇取財,1,1,1
100,全區,重大恐嚇取財,1,1,6
101,全區,重大恐嚇取財,0,0,0
102,全區,重大恐嚇取財,0,0,0
103,全區,重大恐嚇取財,0,0,0
103,桃園分局,重大恐嚇取財,0,0,0
103,大園分局,重大恐嚇取財,0,0,0
103,大溪分局,重大恐嚇取財,0,0,0
103,中壢分局,重大恐嚇取財,0,0,0
103,楊梅分局,重大恐嚇取財,0,0,0
103,平鎮分局,重大恐嚇取財,0,0,0
103,龜山分局,重大恐嚇取財,0,0,0
103,八德分局,重大恐嚇取財,0,0,0
103,龍潭分局,重大恐嚇取財,0,0,0
103,蘆竹分局,重大恐嚇取財,0,0,0
103,其他,重大恐嚇取財,0,0,0
88,全區,一般恐嚇取財,0,0,0
89,全區,一般恐嚇取財,272,119,87
90,全區,一般恐嚇取財,401,156,133
91,全區,一般恐嚇取財,346,90,117
92,全區,一般恐嚇取財,538,126,99
93,全區,一般恐嚇取財,489,83,59
94,全區,一般恐嚇取財,533,94,117
95,全區,一般恐嚇取財,612,119,182
96,全區,一般恐嚇取財,362,104,158
97,全區,一般恐嚇取財,208,49,57
98,全區,一般恐嚇取財,205,81,115
99,全區,一般恐嚇取財,100,62,78
100,全區,一般恐嚇取財,64,30,44
101,全區,一般恐嚇取財,43,25,37
102,全區,一般恐嚇取財,49,24,30
103,全區,一般恐嚇取財,40,18,38
103,桃園分局,一般恐嚇取財,5,0,0
103,大園分局,一般恐嚇取財,0,0,0
103,大溪分局,一般恐嚇取財,5,4,8
103,中壢分局,一般恐嚇取財,2,0,0
103,楊梅分局,一般恐嚇取財,2,0,0
103,平鎮分局,一般恐嚇取財,9,3,7
103,龜山分局,一般恐嚇取財,5,2,5
103,八德分局,一般恐嚇取財,6,4,5
103,龍潭分局,一般恐嚇取財,0,0,0
103,蘆竹分局,一般恐嚇取財,6,2,2
103,其他,一般恐嚇取財,0,3,11
88,全區,擄人勒贖,4,4,18
89,全區,擄人勒贖,7,8,20
90,全區,擄人勒贖,7,8,22
91,全區,擄人勒贖,5,6,17
92,全區,擄人勒贖,11,8,27
93,全區,擄人勒贖,4,3,10
94,全區,擄人勒贖,9,7,35
95,全區,擄人勒贖,2,1,6
96,全區,擄人勒贖,5,4,19
97,全區,擄人勒贖,4,4,14
98,全區,擄人勒贖,4,3,12
99,全區,擄人勒贖,4,3,12
100,全區,擄人勒贖,0,0,0
101,全區,擄人勒贖,2,1,2
102,全區,擄人勒贖,1,1,4
103,全區,擄人勒贖,0,0,0
103,桃園分局,擄人勒贖,0,0,0
103,大園分局,擄人勒贖,0,0,0
103,大溪分局,擄人勒贖,0,0,0
103,中壢分局,擄人勒贖,0,0,0
103,楊梅分局,擄人勒贖,0,0,0
103,平鎮分局,擄人勒贖,0,0,0
103,龜山分局,擄人勒贖,0,0,0
103,八德分局,擄人勒贖,0,0,0
103,龍潭分局,擄人勒贖,0,0,0
103,蘆竹分局,擄人勒贖,0,0,0
103,其他,擄人勒贖,0,0,0
88,全區,侵占,66,42,35
89,全區,侵占,113,73,63
90,全區,侵占,144,80,75
91,全區,侵占,125,48,44
92,全區,侵占,180,51,58
93,全區,侵占,120,46,44
94,全區,侵占,169,64,65
95,全區,侵占,202,60,62
96,全區,侵占,162,66,70
97,全區,侵占,85,34,34
98,全區,侵占,118,40,41
99,全區,侵占,71,25,21
100,全區,侵占,74,50,42
101,全區,侵占,80,61,54
102,全區,侵占,92,56,53
103,全區,侵占,74,59,49
103,桃園分局,侵占,13,0,0
103,大園分局,侵占,4,2,2
103,大溪分局,侵占,2,2,2
103,中壢分局,侵占,12,0,0
103,楊梅分局,侵占,3,7,8
103,平鎮分局,侵占,3,0,0
103,龜山分局,侵占,6,3,4
103,八德分局,侵占,14,17,8
103,龍潭分局,侵占,3,4,4
103,蘆竹分局,侵占,14,14,11
103,其他,侵占,0,10,10
88,全區,偽造文書印文,97,86,77
89,全區,偽造文書印文,317,163,155
90,全區,偽造文書印文,405,155,138
91,全區,偽造文書印文,215,104,88
92,全區,偽造文書印文,263,103,89
93,全區,偽造文書印文,194,78,78
94,全區,偽造文書印文,238,95,86
95,全區,偽造文書印文,293,124,130
96,全區,偽造文書印文,224,123,125
97,全區,偽造文書印文,147,87,85
98,全區,偽造文書印文,165,92,86
99,全區,偽造文書印文,117,67,66
100,全區,偽造文書印文,106,61,45
101,全區,偽造文書印文,74,42,34
102,全區,偽造文書印文,83,38,31
103,全區,偽造文書印文,80,47,44
103,桃園分局,偽造文書印文,24,5,5
103,大園分局,偽造文書印文,2,2,2
103,大溪分局,偽造文書印文,3,3,1
103,中壢分局,偽造文書印文,9,0,0
103,楊梅分局,偽造文書印文,3,5,8
103,平鎮分局,偽造文書印文,4,2,2
103,龜山分局,偽造文書印文,3,1,1
103,八德分局,偽造文書印文,11,9,5
103,龍潭分局,偽造文書印文,4,2,2
103,蘆竹分局,偽造文書印文,17,8,10
103,其他,偽造文書印文,0,10,8
88,全區,一級毒品,541,480,736
89,全區,一級毒品,739,699,1072
90,全區,一級毒品,834,786,1211
91,全區,一級毒品,887,829,1124
92,全區,一級毒品,1202,1133,1465
93,全區,一級毒品,1576,1491,1815
94,全區,一級毒品,2519,2339,2640
95,全區,一級毒品,2633,2461,2756
96,全區,一級毒品,2488,2357,2684
97,全區,一級毒品,2476,2322,2687
98,全區,一級毒品,2230,2123,2389
99,全區,一級毒品,1868,1686,1880
100,全區,一級毒品,1786,1646,1832
101,全區,一級毒品,1527,1380,1476
102,全區,一級毒品,1333,1237,1381
103,全區,一級毒品,1423,1286,1360
103,桃園分局,一級毒品,408,211,230
103,大園分局,一級毒品,63,57,56
103,大溪分局,一級毒品,49,47,47
103,中壢分局,一級毒品,365,193,212
103,楊梅分局,一級毒品,75,45,52
103,平鎮分局,一級毒品,139,121,138
103,龜山分局,一級毒品,102,66,61
103,八德分局,一級毒品,112,33,27
103,龍潭分局,一級毒品,57,31,39
103,蘆竹分局,一級毒品,53,77,80
103,其他,一級毒品,0,405,418
88,全區,二級毒品,2023,1831,2702
89,全區,二級毒品,2227,2071,2845
90,全區,二級毒品,1070,962,1408
91,全區,二級毒品,590,541,761
92,全區,二級毒品,664,619,810
93,全區,二級毒品,1270,1203,1374
94,全區,二級毒品,1721,1608,1857
95,全區,二級毒品,1727,1584,1843
96,全區,二級毒品,2066,1938,2232
97,全區,二級毒品,2160,2035,2278
98,全區,二級毒品,2211,2080,2434
99,全區,二級毒品,3091,2893,3131
100,全區,二級毒品,2646,2447,2643
101,全區,二級毒品,2416,2204,2367
102,全區,二級毒品,2622,2479,2765
103,全區,二級毒品,2814,2600,2767
103,桃園分局,二級毒品,736,282,326
103,大園分局,二級毒品,126,152,154
103,大溪分局,二級毒品,68,73,78
103,中壢分局,二級毒品,728,332,371
103,楊梅分局,二級毒品,206,163,188
103,平鎮分局,二級毒品,238,197,230
103,龜山分局,二級毒品,249,158,158
103,八德分局,二級毒品,212,109,83
103,龍潭分局,二級毒品,128,105,111
103,蘆竹分局,二級毒品,123,147,145
103,其他,二級毒品,0,882,923
88,全區,三級毒品,2,2,0
89,全區,三級毒品,1,1,1
90,全區,三級毒品,3,3,4
91,全區,三級毒品,6,3,6
92,全區,三級毒品,9,4,11
93,全區,三級毒品,28,17,22
94,全區,三級毒品,27,19,33
95,全區,三級毒品,31,18,32
96,全區,三級毒品,59,51,70
97,全區,三級毒品,118,106,135
98,全區,三級毒品,199,192,212
99,全區,三級毒品,191,179,221
100,全區,三級毒品,348,346,408
101,全區,三級毒品,420,412,519
102,全區,三級毒品,532,511,613
103,全區,三級毒品,399,393,513
103,桃園分局,三級毒品,95,50,78
103,大園分局,三級毒品,8,10,11
103,大溪分局,三級毒品,6,5,10
103,中壢分局,三級毒品,129,88,120
103,楊梅分局,三級毒品,57,49,83
103,平鎮分局,三級毒品,38,32,46
103,龜山分局,三級毒品,12,8,7
103,八德分局,三級毒品,29,15,17
103,龍潭分局,三級毒品,7,10,10
103,蘆竹分局,三級毒品,18,16,17
103,其他,三級毒品,0,110,114
88,全區,四級毒品,0,0,0
89,全區,四級毒品,0,0,0
90,全區,四級毒品,0,0,0
91,全區,四級毒品,0,0,0
92,全區,四級毒品,0,0,0
93,全區,四級毒品,0,0,0
94,全區,四級毒品,0,0,0
95,全區,四級毒品,1,0,0
96,全區,四級毒品,1,1,2
97,全區,四級毒品,1,0,0
98,全區,四級毒品,1,0,0
99,全區,四級毒品,1,1,3
100,全區,四級毒品,1,0,0
101,全區,四級毒品,1,0,0
102,全區,四級毒品,0,0,0
103,全區,四級毒品,2,1,3
103,桃園分局,四級毒品,0,0,0
103,大園分局,四級毒品,1,0,0
103,大溪分局,四級毒品,0,0,0
103,中壢分局,四級毒品,0,0,0
103,楊梅分局,四級毒品,0,0,0
103,平鎮分局,四級毒品,1,0,0
103,龜山分局,四級毒品,0,0,0
103,八德分局,四級毒品,0,0,0
103,龍潭分局,四級毒品,0,1,3
103,蘆竹分局,四級毒品,0,0,0
103,其他,四級毒品,0,0,0
88,全區,其他毒品,214,148,37
89,全區,其他毒品,26,22,8
90,全區,其他毒品,193,168,53
91,全區,其他毒品,265,235,69
92,全區,其他毒品,252,223,44
93,全區,其他毒品,216,175,36
94,全區,其他毒品,171,164,30
95,全區,其他毒品,7,5,4
96,全區,其他毒品,0,0,0
97,全區,其他毒品,0,0,0
98,全區,其他毒品,2,2,3
99,全區,其他毒品,0,0,0
100,全區,其他毒品,0,0,0
101,全區,其他毒品,4,1,3
102,全區,其他毒品,0,0,0
103,全區,其他毒品,4,5,5
103,桃園分局,其他毒品,0,0,0
103,大園分局,其他毒品,1,3,3
103,大溪分局,其他毒品,0,0,0
103,中壢分局,其他毒品,2,2,2
103,楊梅分局,其他毒品,0,0,0
103,平鎮分局,其他毒品,0,0,0
103,龜山分局,其他毒品,0,0,0
103,八德分局,其他毒品,0,0,0
103,龍潭分局,其他毒品,0,0,0
103,蘆竹分局,其他毒品,1,0,0
103,其他,其他毒品,0,0,0
88,全區,毀棄損壞,51,23,16
89,全區,毀棄損壞,136,38,37
90,全區,毀棄損壞,381,58,54
91,全區,毀棄損壞,382,29,32
92,全區,毀棄損壞,378,28,29
93,全區,毀棄損壞,396,27,18
94,全區,毀棄損壞,982,61,61
95,全區,毀棄損壞,1228,58,76
96,全區,毀棄損壞,589,73,87
97,全區,毀棄損壞,148,18,27
98,全區,毀棄損壞,212,35,35
99,全區,毀棄損壞,125,29,32
100,全區,毀棄損壞,65,30,25
101,全區,毀棄損壞,43,18,22
102,全區,毀棄損壞,33,20,23
103,全區,毀棄損壞,52,36,29
103,桃園分局,毀棄損壞,0,0,0
103,大園分局,毀棄損壞,0,0,0
103,大溪分局,毀棄損壞,2,2,2
103,中壢分局,毀棄損壞,12,5,5
103,楊梅分局,毀棄損壞,4,1,1
103,平鎮分局,毀棄損壞,0,0,0
103,龜山分局,毀棄損壞,3,3,3
103,八德分局,毀棄損壞,13,11,5
103,龍潭分局,毀棄損壞,4,1,1
103,蘆竹分局,毀棄損壞,14,13,12
103,其他,毀棄損壞,0,0,0
88,全區,妨害公務,46,46,44
89,全區,妨害公務,18,18,17
90,全區,妨害公務,57,56,56
91,全區,妨害公務,49,49,49
92,全區,妨害公務,26,25,29
93,全區,妨害公務,19,19,18
94,全區,妨害公務,42,41,50
95,全區,妨害公務,53,52,57
96,全區,妨害公務,47,47,45
97,全區,妨害公務,41,41,42
98,全區,妨害公務,65,62,64
99,全區,妨害公務,40,40,40
100,全區,妨害公務,28,28,27
101,全區,妨害公務,43,40,43
102,全區,妨害公務,36,36,38
103,全區,妨害公務,32,31,31
103,桃園分局,妨害公務,2,0,0
103,大園分局,妨害公務,4,3,3
103,大溪分局,妨害公務,9,9,8
103,中壢分局,妨害公務,3,0,0
103,楊梅分局,妨害公務,0,0,0
103,平鎮分局,妨害公務,1,1,1
103,龜山分局,妨害公務,2,1,1
103,八德分局,妨害公務,9,7,7
103,龍潭分局,妨害公務,0,0,0
103,蘆竹分局,妨害公務,2,2,2
103,其他,妨害公務,0,8,9
88,全區,違反著作權法,101,97,96
89,全區,違反著作權法,158,111,119
90,全區,違反著作權法,458,252,300
91,全區,違反著作權法,371,146,193
92,全區,違反著作權法,282,144,160
93,全區,違反著作權法,157,76,92
94,全區,違反著作權法,178,74,88
95,全區,違反著作權法,253,83,102
96,全區,違反著作權法,289,128,146
97,全區,違反著作權法,251,128,144
98,全區,違反著作權法,202,59,62
99,全區,違反著作權法,176,61,70
100,全區,違反著作權法,188,64,77
101,全區,違反著作權法,153,57,71
102,全區,違反著作權法,171,54,60
103,全區,違反著作權法,148,21,21
103,桃園分局,違反著作權法,30,8,7
103,大園分局,違反著作權法,5,1,1
103,大溪分局,違反著作權法,3,0,0
103,中壢分局,違反著作權法,31,3,3
103,楊梅分局,違反著作權法,14,0,0
103,平鎮分局,違反著作權法,12,4,4
103,龜山分局,違反著作權法,14,1,1
103,八德分局,違反著作權法,14,1,1
103,龍潭分局,違反著作權法,9,3,4
103,蘆竹分局,違反著作權法,16,0,0
103,其他,違反著作權法,0,0,0
88,全區,違反專利法,0,0,0
89,全區,違反專利法,5,5,7
90,全區,違反專利法,7,5,11
91,全區,違反專利法,7,7,8
92,全區,違反專利法,2,1,1
93,全區,違反專利法,0,0,0
94,全區,違反專利法,0,0,0
95,全區,違反專利法,0,0,0
96,全區,違反專利法,0,0,0
97,全區,違反專利法,0,0,0
98,全區,違反專利法,0,0,0
99,全區,違反專利法,0,0,0
100,全區,違反專利法,0,0,0
101,全區,違反專利法,0,0,0
102,全區,違反專利法,0,0,0
103,全區,違反專利法,0,0,0
103,桃園分局,違反專利法,0,0,0
103,大園分局,違反專利法,0,0,0
103,大溪分局,違反專利法,0,0,0
103,中壢分局,違反專利法,0,0,0
103,楊梅分局,違反專利法,0,0,0
103,平鎮分局,違反專利法,0,0,0
103,龜山分局,違反專利法,0,0,0
103,八德分局,違反專利法,0,0,0
103,龍潭分局,違反專利法,0,0,0
103,蘆竹分局,違反專利法,0,0,0
103,其他,違反專利法,0,0,0
88,全區,違反商標法,19,4,4
89,全區,違反商標法,9,6,8
90,全區,違反商標法,16,10,14
91,全區,違反商標法,24,13,20
92,全區,違反商標法,63,16,28
93,全區,違反商標法,106,23,27
94,全區,違反商標法,149,35,39
95,全區,違反商標法,76,9,10
96,全區,違反商標法,132,21,24
97,全區,違反商標法,164,24,41
98,全區,違反商標法,201,24,27
99,全區,違反商標法,199,24,26
100,全區,違反商標法,218,29,30
101,全區,違反商標法,215,27,32
102,全區,違反商標法,308,72,74
103,全區,違反商標法,223,91,91
103,桃園分局,違反商標法,79,80,81
103,大園分局,違反商標法,16,0,0
103,大溪分局,違反商標法,6,0,0
103,中壢分局,違反商標法,56,1,1
103,楊梅分局,違反商標法,6,1,1
103,平鎮分局,違反商標法,10,6,6
103,龜山分局,違反商標法,8,0,0
103,八德分局,違反商標法,26,2,1
103,龍潭分局,違反商標法,7,1,1
103,蘆竹分局,違反商標法,9,0,0
103,其他,違反商標法,0,0,0
88,全區,妨害電腦使用,0,0,0
89,全區,妨害電腦使用,0,0,0
90,全區,妨害電腦使用,0,0,0
91,全區,妨害電腦使用,0,0,0
92,全區,妨害電腦使用,0,0,0
93,全區,妨害電腦使用,0,0,0
94,全區,妨害電腦使用,1372,31,33
95,全區,妨害電腦使用,654,29,34
96,全區,妨害電腦使用,439,49,64
97,全區,妨害電腦使用,91,33,30
98,全區,妨害電腦使用,124,80,47
99,全區,妨害電腦使用,60,22,23
100,全區,妨害電腦使用,38,18,16
101,全區,妨害電腦使用,37,10,9
102,全區,妨害電腦使用,38,17,14
103,全區,妨害電腦使用,44,13,14
103,桃園分局,妨害電腦使用,5,1,1
103,大園分局,妨害電腦使用,0,0,0
103,大溪分局,妨害電腦使用,0,0,0
103,中壢分局,妨害電腦使用,13,0,0
103,楊梅分局,妨害電腦使用,4,3,4
103,平鎮分局,妨害電腦使用,3,2,3
103,龜山分局,妨害電腦使用,4,1,1
103,八德分局,妨害電腦使用,12,5,4
103,龍潭分局,妨害電腦使用,1,1,1
103,蘆竹分局,妨害電腦使用,2,0,0
103,其他,妨害電腦使用,0,0,0
88,全區,強盜,288,253,280
89,全區,強盜,213,154,207
90,全區,強盜,385,323,445
91,全區,強盜,406,340,426
92,全區,強盜,322,281,307
93,全區,強盜,278,214,238
94,全區,強盜,377,235,294
95,全區,強盜,354,266,290
96,全區,強盜,200,195,236
97,全區,強盜,167,161,201
98,全區,強盜,119,106,172
99,全區,強盜,95,90,133
100,全區,強盜,66,65,113
101,全區,強盜,57,50,74
102,全區,強盜,45,41,59
103,全區,強盜,20,16,17
103,桃園分局,強盜,6,5,5
103,大園分局,強盜,0,0,0
103,大溪分局,強盜,0,0,0
103,中壢分局,強盜,5,3,3
103,楊梅分局,強盜,1,0,0
103,平鎮分局,強盜,4,4,5
103,龜山分局,強盜,0,0,0
103,八德分局,強盜,1,1,1
103,龍潭分局,強盜,3,3,3
103,蘆竹分局,強盜,0,0,0
103,其他,強盜,0,0,0
88,全區,搶奪,139,96,77
89,全區,搶奪,306,99,87
90,全區,搶奪,410,214,165
91,全區,搶奪,560,355,178
92,全區,搶奪,564,316,153
93,全區,搶奪,583,319,121
94,全區,搶奪,830,266,123
95,全區,搶奪,736,386,174
96,全區,搶奪,283,169,121
97,全區,搶奪,160,118,89
98,全區,搶奪,178,101,79
99,全區,搶奪,92,47,34
100,全區,搶奪,53,44,42
101,全區,搶奪,30,29,29
102,全區,搶奪,24,21,22
103,全區,搶奪,22,19,19
103,桃園分局,搶奪,4,4,2
103,大園分局,搶奪,0,0,0
103,大溪分局,搶奪,1,1,1
103,中壢分局,搶奪,6,5,6
103,楊梅分局,搶奪,1,1,1
103,平鎮分局,搶奪,2,2,2
103,龜山分局,搶奪,3,3,4
103,八德分局,搶奪,1,1,1
103,龍潭分局,搶奪,4,2,2
103,蘆竹分局,搶奪,0,0,0
103,其他,搶奪,0,0,0
88,全區,竊佔,12,12,20
89,全區,竊佔,11,11,15
90,全區,竊佔,12,12,16
91,全區,竊佔,5,5,5
92,全區,竊佔,6,6,11
93,全區,竊佔,4,4,4
94,全區,竊佔,14,13,19
95,全區,竊佔,6,5,4
96,全區,竊佔,6,6,8
97,全區,竊佔,3,3,4
98,全區,竊佔,9,8,10
99,全區,竊佔,12,11,18
100,全區,竊佔,10,5,8
101,全區,竊佔,11,10,12
102,全區,竊佔,19,19,20
103,全區,竊佔,7,5,4
103,桃園分局,竊佔,0,0,0
103,大園分局,竊佔,1,0,0
103,大溪分局,竊佔,0,0,0
103,中壢分局,竊佔,1,0,0
103,楊梅分局,竊佔,0,0,0
103,平鎮分局,竊佔,1,1,1
103,龜山分局,竊佔,0,0,0
103,八德分局,竊佔,4,4,3
103,龍潭分局,竊佔,0,0,0
103,蘆竹分局,竊佔,0,0,0
103,其他,竊佔,0,0,0
88,全區,偽造有價證券,4,3,4
89,全區,偽造有價證券,3,3,4
90,全區,偽造有價證券,3,3,3
91,全區,偽造有價證券,3,1,3
92,全區,偽造有價證券,1,1,0
93,全區,偽造有價證券,2,1,1
94,全區,偽造有價證券,3,1,0
95,全區,偽造有價證券,1,1,0
96,全區,偽造有價證券,2,1,1
97,全區,偽造有價證券,2,0,0
98,全區,偽造有價證券,6,3,3
99,全區,偽造有價證券,1,0,0
100,全區,偽造有價證券,1,0,0
101,全區,偽造有價證券,0,0,0
102,全區,偽造有價證券,2,1,1
103,全區,偽造有價證券,2,0,0
103,桃園分局,偽造有價證券,1,0,0
103,大園分局,偽造有價證券,0,0,0
103,大溪分局,偽造有價證券,0,0,0
103,中壢分局,偽造有價證券,0,0,0
103,楊梅分局,偽造有價證券,0,0,0
103,平鎮分局,偽造有價證券,1,0,0
103,龜山分局,偽造有價證券,0,0,0
103,八德分局,偽造有價證券,0,0,0
103,龍潭分局,偽造有價證券,0,0,0
103,蘆竹分局,偽造有價證券,0,0,0
103,其他,偽造有價證券,0,0,0
88,全區,妨害秩序,11,11,11
89,全區,妨害秩序,4,4,4
90,全區,妨害秩序,7,7,6
91,全區,妨害秩序,1,0,0
92,全區,妨害秩序,1,1,1
93,全區,妨害秩序,0,0,0
94,全區,妨害秩序,0,0,0
95,全區,妨害秩序,5,4,2
96,全區,妨害秩序,3,0,0
97,全區,妨害秩序,1,0,0
98,全區,妨害秩序,3,3,3
99,全區,妨害秩序,0,0,0
100,全區,妨害秩序,0,0,0
101,全區,妨害秩序,1,0,0
102,全區,妨害秩序,0,0,0
103,全區,妨害秩序,4,2,2
103,桃園分局,妨害秩序,2,1,1
103,大園分局,妨害秩序,0,0,0
103,大溪分局,妨害秩序,0,0,0
103,中壢分局,妨害秩序,1,0,0
103,楊梅分局,妨害秩序,0,0,0
103,平鎮分局,妨害秩序,0,0,0
103,龜山分局,妨害秩序,0,0,0
103,八德分局,妨害秩序,1,1,1
103,龍潭分局,妨害秩序,0,0,0
103,蘆竹分局,妨害秩序,0,0,0
103,其他,妨害秩序,0,0,0
88,全區,違反藥事法,0,0,0
89,全區,違反藥事法,0,0,0
90,全區,違反藥事法,0,0,0
91,全區,違反藥事法,0,0,0
92,全區,違反藥事法,1,0,0
93,全區,違反藥事法,1,0,0
94,全區,違反藥事法,5,3,3
95,全區,違反藥事法,5,4,5
96,全區,違反藥事法,4,2,2
97,全區,違反藥事法,1,0,0
98,全區,違反藥事法,2,0,0
99,全區,違反藥事法,75,66,68
100,全區,違反藥事法,41,31,42
101,全區,違反藥事法,18,11,12
102,全區,違反藥事法,10,5,13
103,全區,違反藥事法,6,2,5
103,桃園分局,違反藥事法,2,2,5
103,大園分局,違反藥事法,0,0,0
103,大溪分局,違反藥事法,0,0,0
103,中壢分局,違反藥事法,1,0,0
103,楊梅分局,違反藥事法,0,0,0
103,平鎮分局,違反藥事法,1,0,0
103,龜山分局,違反藥事法,2,0,0
103,八德分局,違反藥事法,0,0,0
103,龍潭分局,違反藥事法,0,0,0
103,蘆竹分局,違反藥事法,0,0,0
103,其他,違反藥事法,0,0,0
88,全區,違反森林法,1,1,5
89,全區,違反森林法,2,2,2
90,全區,違反森林法,0,0,0
91,全區,違反森林法,0,0,0
92,全區,違反森林法,0,0,0
93,全區,違反森林法,3,1,1
94,全區,違反森林法,1,1,1
95,全區,違反森林法,1,1,1
96,全區,違反森林法,1,0,0
97,全區,違反森林法,0,0,0
98,全區,違反森林法,4,3,3
99,全區,違反森林法,1,0,0
100,全區,違反森林法,1,1,1
101,全區,違反森林法,3,2,7
102,全區,違反森林法,8,4,3
103,全區,違反森林法,8,0,0
103,桃園分局,違反森林法,0,0,0
103,大園分局,違反森林法,4,0,0
103,大溪分局,違反森林法,1,0,0
103,中壢分局,違反森林法,1,0,0
103,楊梅分局,違反森林法,1,0,0
103,平鎮分局,違反森林法,0,0,0
103,龜山分局,違反森林法,0,0,0
103,八德分局,違反森林法,0,0,0
103,龍潭分局,違反森林法,0,0,0
103,蘆竹分局,違反森林法,1,0,0
103,其他,違反森林法,0,0,0
88,全區,公共危險,558,546,562
89,全區,公共危險,1132,1115,1143
90,全區,公共危險,2407,2381,2394
91,全區,公共危險,1864,1846,1843
92,全區,公共危險,1633,1619,1611
93,全區,公共危險,1529,1516,1527
94,全區,公共危險,2162,2149,2147
95,全區,公共危險,3157,3134,3124
96,全區,公共危險,6239,6230,6223
97,全區,公共危險,6439,6430,6418
98,全區,公共危險,6320,6268,6261
99,全區,公共危險,5398,5385,5379
100,全區,公共危險,4844,4842,4832
101,全區,公共危險,3929,3928,3923
102,全區,公共危險,4710,4704,4707
103,全區,公共危險,5128,5129,5123
103,桃園分局,公共危險,1183,1164,1162
103,大園分局,公共危險,337,330,330
103,大溪分局,公共危險,567,584,583
103,中壢分局,公共危險,1250,1233,1232
103,楊梅分局,公共危險,42,46,46
103,平鎮分局,公共危險,421,405,405
103,龜山分局,公共危險,342,335,336
103,八德分局,公共危險,237,206,207
103,龍潭分局,公共危險,351,353,351
103,蘆竹分局,公共危險,398,389,387
103,其他,公共危險,0,84,84
88,全區,重利,63,52,67
89,全區,重利,26,22,29
90,全區,重利,33,33,51
91,全區,重利,35,32,31
92,全區,重利,37,28,32
93,全區,重利,47,36,39
94,全區,重利,75,62,58
95,全區,重利,178,125,148
96,全區,重利,185,127,181
97,全區,重利,286,128,170
98,全區,重利,282,126,159
99,全區,重利,187,124,157
100,全區,重利,184,108,133
101,全區,重利,179,95,121
102,全區,重利,117,94,121
103,全區,重利,150,116,169
103,桃園分局,重利,50,39,77
103,大園分局,重利,5,6,9
103,大溪分局,重利,5,4,3
103,中壢分局,重利,33,22,22
103,楊梅分局,重利,5,7,6
103,平鎮分局,重利,11,6,10
103,龜山分局,重利,26,17,28
103,八德分局,重利,7,6,2
103,龍潭分局,重利,4,3,3
103,蘆竹分局,重利,4,3,3
103,其他,重利,0,3,6
88,全區,妨害名譽,2,2,3
89,全區,妨害名譽,6,5,4
90,全區,妨害名譽,11,7,8
91,全區,妨害名譽,9,2,3
92,全區,妨害名譽,11,2,3
93,全區,妨害名譽,24,8,10
94,全區,妨害名譽,45,14,15
95,全區,妨害名譽,51,24,29
96,全區,妨害名譽,57,32,33
97,全區,妨害名譽,34,14,14
98,全區,妨害名譽,48,33,36
99,全區,妨害名譽,47,28,33
100,全區,妨害名譽,45,23,22
101,全區,妨害名譽,58,36,46
102,全區,妨害名譽,60,43,48
103,全區,妨害名譽,66,40,38
103,桃園分局,妨害名譽,11,0,0
103,大園分局,妨害名譽,7,4,4
103,大溪分局,妨害名譽,1,0,0
103,中壢分局,妨害名譽,7,2,2
103,楊梅分局,妨害名譽,4,8,8
103,平鎮分局,妨害名譽,4,0,0
103,龜山分局,妨害名譽,3,1,1
103,八德分局,妨害名譽,14,14,14
103,龍潭分局,妨害名譽,2,0,0
103,蘆竹分局,妨害名譽,13,11,9
103,其他,妨害名譽,0,0,0
88,全區,違反選罷法,1,1,1
89,全區,違反選罷法,0,0,0
90,全區,違反選罷法,16,17,127
91,全區,違反選罷法,79,78,620
92,全區,違反選罷法,0,0,0
93,全區,違反選罷法,8,7,57
94,全區,違反選罷法,34,30,172
95,全區,違反選罷法,8,6,32
96,全區,違反選罷法,2,1,29
97,全區,違反選罷法,5,5,60
98,全區,違反選罷法,16,16,83
99,全區,違反選罷法,14,12,48
100,全區,違反選罷法,2,1,1
101,全區,違反選罷法,8,8,5
102,全區,違反選罷法,0,0,0
103,全區,違反選罷法,12,12,31
103,桃園分局,違反選罷法,0,0,0
103,大園分局,違反選罷法,2,0,0
103,大溪分局,違反選罷法,0,0,0
103,中壢分局,違反選罷法,7,8,19
103,楊梅分局,違反選罷法,1,1,1
103,平鎮分局,違反選罷法,0,0,0
103,龜山分局,違反選罷法,0,0,0
103,八德分局,違反選罷法,1,0,0
103,龍潭分局,違反選罷法,0,0,0
103,蘆竹分局,違反選罷法,1,2,8
103,其他,違反選罷法,0,1,3
88,全區,妨害秘密,0,0,0
89,全區,妨害秘密,0,0,0
90,全區,妨害秘密,1,0,0
91,全區,妨害秘密,2,0,0
92,全區,妨害秘密,1,1,1
93,全區,妨害秘密,0,0,0
94,全區,妨害秘密,6,2,2
95,全區,妨害秘密,10,5,6
96,全區,妨害秘密,4,1,1
97,全區,妨害秘密,1,1,1
98,全區,妨害秘密,28,18,21
99,全區,妨害秘密,17,11,13
100,全區,妨害秘密,19,15,20
101,全區,妨害秘密,15,12,11
102,全區,妨害秘密,10,9,10
103,全區,妨害秘密,13,14,14
103,桃園分局,妨害秘密,1,0,0
103,大園分局,妨害秘密,1,2,2
103,大溪分局,妨害秘密,0,0,0
103,中壢分局,妨害秘密,2,0,0
103,楊梅分局,妨害秘密,1,1,1
103,平鎮分局,妨害秘密,4,4,4
103,龜山分局,妨害秘密,0,0,0
103,八德分局,妨害秘密,1,3,4
103,龍潭分局,妨害秘密,1,0,0
103,蘆竹分局,妨害秘密,2,3,2
103,其他,妨害秘密,0,1,1
88,全區,遺棄,2,2,3
89,全區,遺棄,1,0,0
90,全區,遺棄,3,2,2
91,全區,遺棄,5,4,3
92,全區,遺棄,3,3,3
93,全區,遺棄,2,2,11
94,全區,遺棄,6,3,3
95,全區,遺棄,8,6,7
96,全區,遺棄,20,16,18
97,全區,遺棄,2,1,1
98,全區,遺棄,2,1,2
99,全區,遺棄,4,4,5
100,全區,遺棄,0,0,0
101,全區,遺棄,4,1,2
102,全區,遺棄,6,3,5
103,全區,遺棄,1,1,1
103,桃園分局,遺棄,0,0,0
103,大園分局,遺棄,0,0,0
103,大溪分局,遺棄,0,0,0
103,中壢分局,遺棄,1,1,1
103,楊梅分局,遺棄,0,0,0
103,平鎮分局,遺棄,0,0,0
103,龜山分局,遺棄,0,0,0
103,八德分局,遺棄,0,0,0
103,龍潭分局,遺棄,0,0,0
103,蘆竹分局,遺棄,0,0,0
103,其他,遺棄,0,0,0
88,全區,違反貪污治罪條例,0,0,0
89,全區,違反貪污治罪條例,1,1,1
90,全區,違反貪污治罪條例,1,1,4
91,全區,違反貪污治罪條例,1,1,1
92,全區,違反貪污治罪條例,0,0,0
93,全區,違反貪污治罪條例,4,0,0
94,全區,違反貪污治罪條例,0,0,0
95,全區,違反貪污治罪條例,3,1,0
96,全區,違反貪污治罪條例,1,1,6
97,全區,違反貪污治罪條例,0,0,0
98,全區,違反貪污治罪條例,0,0,0
99,全區,違反貪污治罪條例,2,1,4
100,全區,違反貪污治罪條例,0,0,0
101,全區,違反貪污治罪條例,0,0,0
102,全區,違反貪污治罪條例,2,2,2
103,全區,違反貪污治罪條例,0,0,0
103,桃園分局,違反貪污治罪條例,0,0,0
103,大園分局,違反貪污治罪條例,0,0,0
103,大溪分局,違反貪污治罪條例,0,0,0
103,中壢分局,違反貪污治罪條例,0,0,0
103,楊梅分局,違反貪污治罪條例,0,0,0
103,平鎮分局,違反貪污治罪條例,0,0,0
103,龜山分局,違反貪污治罪條例,0,0,0
103,八德分局,違反貪污治罪條例,0,0,0
103,龍潭分局,違反貪污治罪條例,0,0,0
103,蘆竹分局,違反貪污治罪條例,0,0,0
103,其他,違反貪污治罪條例,0,0,0
88,全區,懲治走私條例,3,2,4
89,全區,懲治走私條例,3,2,2
90,全區,懲治走私條例,8,4,10
91,全區,懲治走私條例,5,4,4
92,全區,懲治走私條例,1,2,3
93,全區,懲治走私條例,1,1,1
94,全區,懲治走私條例,8,1,1
95,全區,懲治走私條例,1,1,3
96,全區,懲治走私條例,1,0,0
97,全區,懲治走私條例,1,1,7
98,全區,懲治走私條例,4,0,0
99,全區,懲治走私條例,1,1,2
100,全區,懲治走私條例,0,0,0
101,全區,懲治走私條例,3,0,0
102,全區,懲治走私條例,0,0,0
103,全區,懲治走私條例,1,0,0
103,桃園分局,懲治走私條例,0,0,0
103,大園分局,懲治走私條例,1,0,0
103,大溪分局,懲治走私條例,0,0,0
103,中壢分局,懲治走私條例,0,0,0
103,楊梅分局,懲治走私條例,0,0,0
103,平鎮分局,懲治走私條例,0,0,0
103,龜山分局,懲治走私條例,0,0,0
103,八德分局,懲治走私條例,0,0,0
103,龍潭分局,懲治走私條例,0,0,0
103,蘆竹分局,懲治走私條例,0,0,0
103,其他,懲治走私條例,0,0,0
88,全區,妨害兵役,1,1,1
89,全區,妨害兵役,0,0,0
90,全區,妨害兵役,0,0,0
91,全區,妨害兵役,0,0,0
92,全區,妨害兵役,0,0,0
93,全區,妨害兵役,10,9,10
94,全區,妨害兵役,17,15,15
95,全區,妨害兵役,24,23,24
96,全區,妨害兵役,3,1,1
97,全區,妨害兵役,1,0,0
98,全區,妨害兵役,2,0,0
99,全區,妨害兵役,0,0,0
100,全區,妨害兵役,0,0,0
101,全區,妨害兵役,0,0,0
102,全區,妨害兵役,0,0,0
103,全區,妨害兵役,0,0,0
103,桃園分局,妨害兵役,0,0,0
103,大園分局,妨害兵役,0,0,0
103,大溪分局,妨害兵役,0,0,0
103,中壢分局,妨害兵役,0,0,0
103,楊梅分局,妨害兵役,0,0,0
103,平鎮分局,妨害兵役,0,0,0
103,龜山分局,妨害兵役,0,0,0
103,八德分局,妨害兵役,0,0,0
103,龍潭分局,妨害兵役,0,0,0
103,蘆竹分局,妨害兵役,0,0,0
103,其他,妨害兵役,0,0,0
88,全區,偽造貨幣,14,11,9
89,全區,偽造貨幣,25,24,27
90,全區,偽造貨幣,66,64,71
91,全區,偽造貨幣,36,36,32
92,全區,偽造貨幣,35,35,36
93,全區,偽造貨幣,15,14,15
94,全區,偽造貨幣,13,11,7
95,全區,偽造貨幣,8,7,8
96,全區,偽造貨幣,2,2,1
97,全區,偽造貨幣,7,5,6
98,全區,偽造貨幣,3,3,4
99,全區,偽造貨幣,2,5,5
100,全區,偽造貨幣,3,3,5
101,全區,偽造貨幣,8,7,7
102,全區,偽造貨幣,7,8,6
103,全區,偽造貨幣,5,5,5
103,桃園分局,偽造貨幣,3,3,2
103,大園分局,偽造貨幣,0,0,0
103,大溪分局,偽造貨幣,0,0,0
103,中壢分局,偽造貨幣,0,0,0
103,楊梅分局,偽造貨幣,0,0,0
103,平鎮分局,偽造貨幣,0,0,0
103,龜山分局,偽造貨幣,0,0,0
103,八德分局,偽造貨幣,1,1,1
103,龍潭分局,偽造貨幣,0,0,0
103,蘆竹分局,偽造貨幣,1,1,2
103,其他,偽造貨幣,0,0,0
88,全區,偽證,0,0,0
89,全區,偽證,1,1,1
90,全區,偽證,0,0,0
91,全區,偽證,0,0,0
92,全區,偽證,0,0,0
93,全區,偽證,0,0,0
94,全區,偽證,0,0,0
95,全區,偽證,0,0,0
96,全區,偽證,0,0,0
97,全區,偽證,0,0,0
98,全區,偽證,0,0,0
99,全區,偽證,0,0,0
100,全區,偽證,1,0,0
101,全區,偽證,0,0,0
102,全區,偽證,0,0,0
103,全區,偽證,0,0,0
103,桃園分局,偽證,0,0,0
103,大園分局,偽證,0,0,0
103,大溪分局,偽證,0,0,0
103,中壢分局,偽證,0,0,0
103,楊梅分局,偽證,0,0,0
103,平鎮分局,偽證,0,0,0
103,龜山分局,偽證,0,0,0
103,八德分局,偽證,0,0,0
103,龍潭分局,偽證,0,0,0
103,蘆竹分局,偽證,0,0,0
103,其他,偽證,0,0,0
88,全區,誣告,32,22,23
89,全區,誣告,39,27,30
90,全區,誣告,45,30,29
91,全區,誣告,29,20,19
92,全區,誣告,30,20,23
93,全區,誣告,30,19,19
94,全區,誣告,29,27,27
95,全區,誣告,37,14,13
96,全區,誣告,43,16,16
97,全區,誣告,22,12,13
98,全區,誣告,15,2,3
99,全區,誣告,28,8,12
100,全區,誣告,14,4,4
101,全區,誣告,17,2,2
102,全區,誣告,11,4,3
103,全區,誣告,8,5,4
103,桃園分局,誣告,2,0,0
103,大園分局,誣告,0,0,0
103,大溪分局,誣告,0,0,0
103,中壢分局,誣告,1,0,0
103,楊梅分局,誣告,0,1,1
103,平鎮分局,誣告,0,0,0
103,龜山分局,誣告,1,0,0
103,八德分局,誣告,2,2,1
103,龍潭分局,誣告,1,1,1
103,蘆竹分局,誣告,1,1,1
103,其他,誣告,0,0,0
88,全區,湮滅證據,0,0,0
89,全區,湮滅證據,0,0,0
90,全區,湮滅證據,1,1,1
91,全區,湮滅證據,0,0,0
92,全區,湮滅證據,1,0,0
93,全區,湮滅證據,0,0,0
94,全區,湮滅證據,0,0,0
95,全區,湮滅證據,0,0,0
96,全區,湮滅證據,0,0,0
97,全區,湮滅證據,0,0,0
98,全區,湮滅證據,1,0,0
99,全區,湮滅證據,0,0,0
100,全區,湮滅證據,1,1,3
101,全區,湮滅證據,0,0,0
102,全區,湮滅證據,0,0,0
103,全區,湮滅證據,0,0,0
103,桃園分局,湮滅證據,0,0,0
103,大園分局,湮滅證據,0,0,0
103,大溪分局,湮滅證據,0,0,0
103,中壢分局,湮滅證據,0,0,0
103,楊梅分局,湮滅證據,0,0,0
103,平鎮分局,湮滅證據,0,0,0
103,龜山分局,湮滅證據,0,0,0
103,八德分局,湮滅證據,0,0,0
103,龍潭分局,湮滅證據,0,0,0
103,蘆竹分局,湮滅證據,0,0,0
103,其他,湮滅證據,0,0,0
88,全區,瀆職,0,0,0
89,全區,瀆職,0,0,0
90,全區,瀆職,0,0,0
91,全區,瀆職,1,1,3
92,全區,瀆職,0,0,0
93,全區,瀆職,0,0,0
94,全區,瀆職,0,0,0
95,全區,瀆職,2,1,0
96,全區,瀆職,0,0,0
97,全區,瀆職,0,0,0
98,全區,瀆職,1,1,1
99,全區,瀆職,2,1,1
100,全區,瀆職,0,0,0
101,全區,瀆職,1,1,7
102,全區,瀆職,0,0,0
103,全區,瀆職,0,0,0
103,桃園分局,瀆職,0,0,0
103,大園分局,瀆職,0,0,0
103,大溪分局,瀆職,0,0,0
103,中壢分局,瀆職,0,0,0
103,楊梅分局,瀆職,0,0,0
103,平鎮分局,瀆職,0,0,0
103,龜山分局,瀆職,0,0,0
103,八德分局,瀆職,0,0,0
103,龍潭分局,瀆職,0,0,0
103,蘆竹分局,瀆職,0,0,0
103,其他,瀆職,0,0,0
88,全區,脫逃,2,0,0
89,全區,脫逃,1,1,1
90,全區,脫逃,1,1,1
91,全區,脫逃,0,0,0
92,全區,脫逃,0,0,0
93,全區,脫逃,0,0,0
94,全區,脫逃,1,1,1
95,全區,脫逃,1,1,3
96,全區,脫逃,2,1,1
97,全區,脫逃,0,0,0
98,全區,脫逃,0,0,0
99,全區,脫逃,1,1,3
100,全區,脫逃,0,0,0
101,全區,脫逃,0,0,0
102,全區,脫逃,0,0,0
103,全區,脫逃,0,0,0
103,桃園分局,脫逃,0,0,0
103,大園分局,脫逃,0,0,0
103,大溪分局,脫逃,0,0,0
103,中壢分局,脫逃,0,0,0
103,楊梅分局,脫逃,0,0,0
103,平鎮分局,脫逃,0,0,0
103,龜山分局,脫逃,0,0,0
103,八德分局,脫逃,0,0,0
103,龍潭分局,脫逃,0,0,0
103,蘆竹分局,脫逃,0,0,0
103,其他,脫逃,0,0,0
88,全區, 藏匿頂替,3,3,2
89,全區, 藏匿頂替,5,3,6
90,全區, 藏匿頂替,1,0,0
91,全區, 藏匿頂替,4,5,5
92,全區, 藏匿頂替,4,3,5
93,全區, 藏匿頂替,2,1,1
94,全區, 藏匿頂替,1,1,1
95,全區, 藏匿頂替,1,1,0
96,全區, 藏匿頂替,2,2,2
97,全區, 藏匿頂替,1,0,0
98,全區, 藏匿頂替,3,1,2
99,全區, 藏匿頂替,0,0,0
100,全區, 藏匿頂替,2,0,0
101,全區, 藏匿頂替,0,1,0
102,全區, 藏匿頂替,1,1,1
103,全區, 藏匿頂替,2,2,1
103,桃園分局, 藏匿頂替,0,0,0
103,大園分局, 藏匿頂替,1,0,0
103,大溪分局, 藏匿頂替,0,0,0
103,中壢分局, 藏匿頂替,0,0,0
103,楊梅分局, 藏匿頂替,0,0,0
103,平鎮分局, 藏匿頂替,0,0,0
103,龜山分局, 藏匿頂替,0,0,0
103,八德分局, 藏匿頂替,1,1,0
103,龍潭分局, 藏匿頂替,0,0,0
103,蘆竹分局, 藏匿頂替,0,1,1
103,其他, 藏匿頂替,0,0,0
88,全區,違反槍砲彈藥刀械管制條例,173,158,165
89,全區,違反槍砲彈藥刀械管制條例,151,136,140
90,全區,違反槍砲彈藥刀械管制條例,134,127,137
91,全區,違反槍砲彈藥刀械管制條例,134,117,121
92,全區,違反槍砲彈藥刀械管制條例,188,160,171
93,全區,違反槍砲彈藥刀械管制條例,396,349,318
94,全區,違反槍砲彈藥刀械管制條例,347,307,250
95,全區,違反槍砲彈藥刀械管制條例,287,225,229
96,全區,違反槍砲彈藥刀械管制條例,172,137,120
97,全區,違反槍砲彈藥刀械管制條例,190,161,132
98,全區,違反槍砲彈藥刀械管制條例,165,140,130
99,全區,違反槍砲彈藥刀械管制條例,164,145,148
100,全區,違反槍砲彈藥刀械管制條例,167,142,134
101,全區,違反槍砲彈藥刀械管制條例,151,130,162
102,全區,違反槍砲彈藥刀械管制條例,125,111,86
103,全區,違反槍砲彈藥刀械管制條例,120,100,80
103,桃園分局,違反槍砲彈藥刀械管制條例,17,5,3
103,大園分局,違反槍砲彈藥刀械管制條例,17,6,8
103,大溪分局,違反槍砲彈藥刀械管制條例,10,10,5
103,中壢分局,違反槍砲彈藥刀械管制條例,25,14,10
103,楊梅分局,違反槍砲彈藥刀械管制條例,9,8,7
103,平鎮分局,違反槍砲彈藥刀械管制條例,10,10,7
103,龜山分局,違反槍砲彈藥刀械管制條例,9,7,7
103,八德分局,違反槍砲彈藥刀械管制條例,14,9,8
103,龍潭分局,違反槍砲彈藥刀械管制條例,4,5,3
103,蘆竹分局,違反槍砲彈藥刀械管制條例,5,2,4
103,其他,違反槍砲彈藥刀械管制條例,0,24,18
88,全區,違反就業服務法,264,145,154
89,全區,違反就業服務法,241,143,156
90,全區,違反就業服務法,147,101,111
91,全區,違反就業服務法,36,25,30
92,全區,違反就業服務法,3,0,0
93,全區,違反就業服務法,6,3,3
94,全區,違反就業服務法,7,6,5
95,全區,違反就業服務法,3,3,5
96,全區,違反就業服務法,9,9,11
97,全區,違反就業服務法,3,4,12
98,全區,違反就業服務法,0,2,2
99,全區,違反就業服務法,2,1,1
100,全區,違反就業服務法,1,0,0
101,全區,違反就業服務法,3,3,3
102,全區,違反就業服務法,2,0,0
103,全區,違反就業服務法,0,0,0
103,桃園分局,違反就業服務法,0,0,0
103,大園分局,違反就業服務法,0,0,0
103,大溪分局,違反就業服務法,0,0,0
103,中壢分局,違反就業服務法,0,0,0
103,楊梅分局,違反就業服務法,0,0,0
103,平鎮分局,違反就業服務法,0,0,0
103,龜山分局,違反就業服務法,0,0,0
103,八德分局,違反就業服務法,0,0,0
103,龍潭分局,違反就業服務法,0,0,0
103,蘆竹分局,違反就業服務法,0,0,0
103,其他,違反就業服務法,0,0,0
88,全區,暴力犯罪,804,638,727
89,全區,暴力犯罪,750,454,551
90,全區,暴力犯罪,1068,771,910
91,全區,暴力犯罪,1285,962,987
92,全區,暴力犯罪,1226,905,855
93,全區,暴力犯罪,1100,743,601
94,全區,暴力犯罪,1485,739,723
95,全區,暴力犯罪,1405,943,841
96,全區,暴力犯罪,841,708,778
97,全區,暴力犯罪,680,637,693
98,全區,暴力犯罪,628,528,659
99,全區,暴力犯罪,484,433,519
100,全區,暴力犯罪,313,292,407
101,全區,暴力犯罪,213,191,261
102,全區,暴力犯罪,171,155,220
103,全區,暴力犯罪,118,109,135
103,桃園分局,暴力犯罪,23,19,23
103,大園分局,暴力犯罪,2,2,2
103,大溪分局,暴力犯罪,4,4,4
103,中壢分局,暴力犯罪,32,28,31
103,楊梅分局,暴力犯罪,6,5,6
103,平鎮分局,暴力犯罪,16,15,27
103,龜山分局,暴力犯罪,15,15,17
103,八德分局,暴力犯罪,8,6,5
103,龍潭分局,暴力犯罪,10,7,9
103,蘆竹分局,暴力犯罪,2,2,2
103,其他,暴力犯罪,0,6,9
88,全區,強制性交,131,108,106
89,全區,強制性交,121,99,95
90,全區,強制性交,160,134,131
91,全區,強制性交,171,132,128
92,全區,強制性交,214,193,195
93,全區,強制性交,169,147,136
94,全區,強制性交,165,141,131
95,全區,強制性交,228,208,197
96,全區,強制性交,276,266,278
97,全區,強制性交,274,279,274
98,全區,強制性交,250,238,238
99,全區,強制性交,226,227,233
100,全區,強制性交,137,125,133
101,全區,強制性交,70,58,70
102,全區,強制性交,45,39,41
103,全區,強制性交,37,37,39
103,桃園分局,強制性交,1,0,0
103,大園分局,強制性交,2,2,2
103,大溪分局,強制性交,2,2,2
103,中壢分局,強制性交,11,10,9
103,楊梅分局,強制性交,1,1,1
103,平鎮分局,強制性交,5,4,5
103,龜山分局,強制性交,10,10,12
103,八德分局,強制性交,2,1,1
103,龍潭分局,強制性交,2,1,1
103,蘆竹分局,強制性交,1,1,1
103,其他,強制性交,0,5,5
88,全區,其他,251,203,324
89,全區,其他,396,365,602
90,全區,其他,445,356,546
91,全區,其他,636,430,589
92,全區,其他,378,206,270
93,全區,其他,1301,388,436
94,全區,其他,707,434,518
95,全區,其他,669,340,460
96,全區,其他,987,520,660
97,全區,其他,577,242,383
98,全區,其他,354,263,425
99,全區,其他,243,224,428
100,全區,其他,277,229,539
101,全區,其他,261,227,443
102,全區,其他,270,169,291
103,全區,其他,274,188,294
103,桃園分局,其他,39,5,10
103,大園分局,其他,14,11,11
103,大溪分局,其他,23,22,36
103,中壢分局,其他,49,17,26
103,楊梅分局,其他,16,6,5
103,平鎮分局,其他,19,18,35
103,龜山分局,其他,51,35,62
103,八德分局,其他,30,28,30
103,龍潭分局,其他,19,14,18
103,蘆竹分局,其他,14,10,13
103,其他,其他,0,22,48
